{
  "atores": [
    {
      "id": 1,
      "nome": "Brad Pitt",
      "idade": 58,
      "filmes": ["Clube da Luta", "Sr. & Sra. Smith", "Bastardos Inglórios"]
    },
    {
      "id": 2,
      "nome": "Meryl Streep",
      "idade": 72,
      "filmes": ["O Diabo Veste Prada", "Kramer vs. Kramer", "A Dama de Ferro"]
    }
  ],
  "filmes": [
    {
      "id": 1,
      "titulo": "Clube da Luta",
      "ano": 1999,
      "atores": ["Brad Pitt", "Edward Norton", "Helena Bonham Carter"]
    },
    {
      "id": 2,
      "titulo": "O Diabo Veste Prada",
      "ano": 2006,
      "atores": ["Meryl Streep", "Anne Hathaway", "Emily Blunt"]
    }
  ]
}
