<catalogo>
  <atores>
    <ator>
      <id>1</id>
      <nome>Brad Pitt</nome>
      <idade>58</idade>
      <filmes>
        <filme>Clube da Luta</filme>
        <filme>Sr. &amp; Sra. Smith</filme>
        <filme>Bastardos Inglórios</filme>
      </filmes>
    </ator>
    <ator>
      <id>2</id>
      <nome>Meryl Streep</nome>
      <idade>72</idade>
      <filmes>
        <filme>O Diabo Veste Prada</filme>
        <filme>Kramer vs. Kramer</filme>
        <filme>A Dama de Ferro</filme>
      </filmes>
    </ator>
  </atores>
  <filmes>
    <filme>
      <id>1</id>
      <titulo>Clube da Luta</titulo>
      <ano>1999</ano>
      <atores>
        <ator>Brad Pitt</ator>
        <ator>Edward Norton</ator>
        <ator>Helena Bonham Carter</ator>
      </atores>
    </filme>
    <filme>
      <id>2</id>
      <titulo>O Diabo Veste Prada</titulo>
      <ano>2006</ano>
      <atores>
        <ator>Meryl Streep</ator>
        <ator>Anne Hathaway</ator>
        <ator>Emily Blunt</ator>
      </atores>
    </filme>
  </filmes>
</catalogo>
